Ticker,Name,Sector,Asset Class,Market Value,Weight (%),Notional Value,Shares,Par Value,Price,Location,Exchange,Currency,Duration,YTM (%),FX Rate,Maturity,Coupon (%),Mod. Duration,Yield to Call (%),Yield to Worst (%),Real Duration,Real YTM (%),Market Currency,Accrual Date,Effective Date
"NVDA","NVIDIA Corp","Information Technology","Equity","","8.75","","","","","","","","","","","","","","","","","","","",""
"AAPL","Apple Inc","Information Technology","Equity","","7.35","","","","","","","","","","","","","","","","","","","",""
"MSFT","Microsoft Corp","Information Technology","Equity","","5.12","","","","","","","","","","","","","","","","","","","",""
"AMZN","Amazon.com Inc","Consumer Discretionary","Equity","","4.73","","","","","","","","","","","","","","","","","","","",""
"MU","Micron Technology Inc","Information Technology","Equity","","3.89","","","","","","","","","","","","","","","","","","","",""
"GOOGL","Alphabet Inc","Communication","Equity","","3.70","","","","","","","","","","","","","","","","","","","",""
"TSLA","Tesla Inc","Consumer Discretionary","Equity","","3.42","","","","","","","","","","","","","","","","","","","",""
"GOOG","Alphabet Inc","Communication","Equity","","3.42","","","","","","","","","","","","","","","","","","","",""
"AMD","Advanced Micro Devices Inc","Information Technology","Equity","","3.32","","","","","","","","","","","","","","","","","","","",""
"AVGO","Broadcom Inc","Information Technology","Equity","","3.23","","","","","","","","","","","","","","","","","","","",""
"META","Meta Platforms Inc","Communication","Equity","","2.94","","","","","","","","","","","","","","","","","","","",""
"WMT","Walmart Inc","Consumer Staples","Equity","","2.69","","","","","","","","","","","","","","","","","","","",""
"INTC","Intel Corp","Information Technology","Equity","","2.68","","","","","","","","","","","","","","","","","","","",""
"CSCO","Cisco Systems Inc","Information Technology","Equity","","2.12","","","","","","","","","","","","","","","","","","","",""
"COST","Costco Wholesale Corp","Consumer Staples","Equity","","2.11","","","","","","","","","","","","","","","","","","","",""
"LRCX","Lam Research Corp","Information Technology","Equity","","1.71","","","","","","","","","","","","","","","","","","","",""
"NFLX","Netflix Inc","Communication","Equity","","1.71","","","","","","","","","","","","","","","","","","","",""
"AMAT","Applied Materials Inc","Information Technology","Equity","","1.54","","","","","","","","","","","","","","","","","","","",""
"PLTR","Palantir Technologies Inc","Information Technology","Equity","","1.43","","","","","","","","","","","","","","","","","","","",""
"TXN","Texas Instruments Inc","Information Technology","Equity","","1.23","","","","","","","","","","","","","","","","","","","",""
"KLAC","KLA Corp","Information Technology","Equity","","1.10","","","","","","","","","","","","","","","","","","","",""
"LIN","Linde PLC","Materials","Equity","","1.08","","","","","","","","","","","","","","","","","","","",""
"QCOM","QUALCOMM Inc","Information Technology","Equity","","1.03","","","","","","","","","","","","","","","","","","","",""
"SNDK","Sandisk Corp","Information Technology","Equity","","1.03","","","","","","","","","","","","","","","","","","","",""
"TMUS","T-Mobile US Inc","Communication","Equity","","0.95","","","","","","","","","","","","","","","","","","","",""
"PANW","Palo Alto Networks Inc","Information Technology","Equity","","0.94","","","","","","","","","","","","","","","","","","","",""
"PEP","PepsiCo Inc","Consumer Staples","Equity","","0.92","","","","","","","","","","","","","","","","","","","",""
"ADI","Analog Devices Inc","Information Technology","Equity","","0.85","","","","","","","","","","","","","","","","","","","",""
"AMGN","Amgen Inc","Health Care","Equity","","0.83","","","","","","","","","","","","","","","","","","","",""
"STX","Seagate Technology Holdings PLC","Information Technology","Equity","","0.80","","","","","","","","","","","","","","","","","","","",""
"MRVL","Marvell Technology Inc","Information Technology","Equity","","0.75","","","","","","","","","","","","","","","","","","","",""
"WDC","Western Digital Corp","Information Technology","Equity","","0.75","","","","","","","","","","","","","","","","","","","",""
"CRWD","Crowdstrike Holdings Inc","Information Technology","Equity","","0.74","","","","","","","","","","","","","","","","","","","",""
"GILD","Gilead Sciences Inc","Health Care","Equity","","0.73","","","","","","","","","","","","","","","","","","","",""
"ISRG","Intuitive Surgical Inc","Health Care","Equity","","0.71","","","","","","","","","","","","","","","","","","","",""
"APP","AppLovin Corp","Information Technology","Equity","","0.68","","","","","","","","","","","","","","","","","","","",""
"HON","Honeywell International Inc","Industrials","Equity","","0.65","","","","","","","","","","","","","","","","","","","",""
"ASML","ASML Holding NV","Information Technology","Equity","","0.63","","","","","","","","","","","","","","","","","","","",""
"SHOP","Shopify Inc","Information Technology","Equity","","0.58","","","","","","","","","","","","","","","","","","","",""
"BKNG","Booking Holdings Inc","Consumer Discretionary","Equity","","0.57","","","","","","","","","","","","","","","","","","","",""
"SBUX","Starbucks Corp","Consumer Discretionary","Equity","","0.54","","","","","","","","","","","","","","","","","","","",""
"VRTX","Vertex Pharmaceuticals Inc","Health Care","Equity","","0.50","","","","","","","","","","","","","","","","","","","",""
"CEG","Constellation Energy Corp","Utilities","Equity","","0.47","","","","","","","","","","","","","","","","","","","",""
"ADBE","Adobe Inc","Information Technology","Equity","","0.45","","","","","","","","","","","","","","","","","","","",""
"CDNS","Cadence Design Systems Inc","Information Technology","Equity","","0.45","","","","","","","","","","","","","","","","","","","",""
"MAR","Marriott International Inc","Consumer Discretionary","Equity","","0.44","","","","","","","","","","","","","","","","","","","",""
"SNPS","Synopsys Inc","Information Technology","Equity","","0.44","","","","","","","","","","","","","","","","","","","",""
"FTNT","Fortinet Inc","Information Technology","Equity","","0.43","","","","","","","","","","","","","","","","","","","",""
"CMCSA","Comcast Corp","Communication","Equity","","0.41","","","","","","","","","","","","","","","","","","","",""
"ADP","Automatic Data Processing Inc","Industrials","Equity","","0.40","","","","","","","","","","","","","","","","","","","",""
"CSX","CSX Corp","Industrials","Equity","","0.39","","","","","","","","","","","","","","","","","","","",""
"MELI","MercadoLibre Inc","Consumer Discretionary","Equity","","0.39","","","","","","","","","","","","","","","","","","","",""
"INTU","Intuit Inc","Information Technology","Equity","","0.38","","","","","","","","","","","","","","","","","","","",""
"MNST","Monster Beverage Corp","Consumer Staples","Equity","","0.38","","","","","","","","","","","","","","","","","","","",""
"MDLZ","Mondelez International Inc","Consumer Staples","Equity","","0.36","","","","","","","","","","","","","","","","","","","",""
"ORLY","O'Reilly Automotive Inc","Consumer Discretionary","Equity","","0.35","","","","","","","","","","","","","","","","","","","",""
"MPWR","Monolithic Power Systems Inc","Information Technology","Equity","","0.35","","","","","","","","","","","","","","","","","","","",""
"NXPI","NXP Semiconductors NV","Information Technology","Equity","","0.34","","","","","","","","","","","","","","","","","","","",""
"DDOG","Datadog Inc","Information Technology","Equity","","0.32","","","","","","","","","","","","","","","","","","","",""
"AEP","American Electric Power Co Inc","Utilities","Equity","","0.32","","","","","","","","","","","","","","","","","","","",""
"ROST","Ross Stores Inc","Consumer Discretionary","Equity","","0.32","","","","","","","","","","","","","","","","","","","",""
"CTAS","Cintas Corp","Industrials","Equity","","0.31","","","","","","","","","","","","","","","","","","","",""
"LITE","Lumentum Holdings Inc","Information Technology","Equity","","0.31","","","","","","","","","","","","","","","","","","","",""
"WBD","Warner Bros Discovery Inc","Communication","Equity","","0.30","","","","","","","","","","","","","","","","","","","",""
"REGN","Regeneron Pharmaceuticals Inc","Health Care","Equity","","0.30","","","","","","","","","","","","","","","","","","","",""
"PDD","PDD Holdings Inc","Consumer Discretionary","Equity","","0.30","","","","","","","","","","","","","","","","","","","",""
"DASH","DoorDash Inc","Consumer Discretionary","Equity","","0.30","","","","","","","","","","","","","","","","","","","",""
"BKR","Baker Hughes Co","Energy","Equity","","0.29","","","","","","","","","","","","","","","","","","","",""
"PCAR","PACCAR Inc","Industrials","Equity","","0.26","","","","","","","","","","","","","","","","","","","",""
"ABNB","Airbnb Inc","Consumer Discretionary","Equity","","0.26","","","","","","","","","","","","","","","","","","","",""
"FANG","Diamondback Energy Inc","Energy","Equity","","0.26","","","","","","","","","","","","","","","","","","","",""
"MSTR","Strategy Inc","Information Technology","Equity","","0.23","","","","","","","","","","","","","","","","","","","",""
"ADSK","Autodesk Inc","Information Technology","Equity","","0.23","","","","","","","","","","","","","","","","","","","",""
"EA","Electronic Arts Inc","Communication","Equity","","0.23","","","","","","","","","","","","","","","","","","","",""
"FAST","Fastenal Co","Industrials","Equity","","0.23","","","","","","","","","","","","","","","","","","","",""
"XEL","Xcel Energy Inc","Utilities","Equity","","0.23","","","","","","","","","","","","","","","","","","","",""
"FER","Ferrovial NV","Industrials","Equity","","0.22","","","","","","","","","","","","","","","","","","","",""
"MCHP","Microchip Technology Inc","Information Technology","Equity","","0.22","","","","","","","","","","","","","","","","","","","",""
"EXC","Exelon Corp","Utilities","Equity","","0.21","","","","","","","","","","","","","","","","","","","",""
"TTWO","Take-Two Interactive Software Inc","Communication","Equity","","0.20","","","","","","","","","","","","","","","","","","","",""
"IDXX","IDEXX Laboratories Inc","Health Care","Equity","","0.20","","","","","","","","","","","","","","","","","","","",""
"CCEP","Coca-Cola Europacific Partners PLC","Consumer Staples","Equity","","0.20","","","","","","","","","","","","","","","","","","","",""
"ODFL","Old Dominion Freight Line Inc","Industrials","Equity","","0.20","","","","","","","","","","","","","","","","","","","",""
"ARM","ARM Holdings PLC","Information Technology","Equity","","0.19","","","","","","","","","","","","","","","","","","","",""
"PYPL","PayPal Holdings Inc","Financials","Equity","","0.18","","","","","","","","","","","","","","","","","","","",""
"ALNY","Alnylam Pharmaceuticals Inc","Health Care","Equity","","0.18","","","","","","","","","","","","","","","","","","","",""
"KDP","Keurig Dr Pepper Inc","Consumer Staples","Equity","","0.18","","","","","","","","","","","","","","","","","","","",""
"TRI","Thomson Reuters Corp","Industrials","Equity","","0.17","","","","","","","","","","","","","","","","","","","",""
"PAYX","Paychex Inc","Industrials","Equity","","0.16","","","","","","","","","","","","","","","","","","","",""
"ROP","Roper Technologies Inc","Information Technology","Equity","","0.15","","","","","","","","","","","","","","","","","","","",""
"CPRT","Copart Inc","Industrials","Equity","","0.15","","","","","","","","","","","","","","","","","","","",""
"","CME E-Mini NASDAQ 100 Index Future","Cash and/or Derivatives","Index Future","","0.15","","","","","","","","","","","","","","","","","","","",""
"AXON","Axon Enterprise Inc","Industrials","Equity","","0.14","","","","","","","","","","","","","","","","","","","",""
"GEHC","GE HealthCare Technologies Inc","Health Care","Equity","","0.13","","","","","","","","","","","","","","","","","","","",""
"KHC","Kraft Heinz Co","Consumer Staples","Equity","","0.13","","","","","","","","","","","","","","","","","","","",""
"DXCM","Dexcom Inc","Health Care","Equity","","0.13","","","","","","","","","","","","","","","","","","","",""
"AGPXX","Invesco Government & Agency Portfolio","Cash and/or Derivatives","Money Market Fund","","0.13","","","","","","","","","","","","","","","","","","","",""
"ZS","Zscaler Inc","Information Technology","Equity","","0.12","","","","","","","","","","","","","","","","","","","",""
"WDAY","Workday Inc","Information Technology","Equity","","0.12","","","","","","","","","","","","","","","","","","","",""
"CTSH","Cognizant Technology Solutions Corp","Information Technology","Equity","","0.11","","","","","","","","","","","","","","","","","","","",""
"VRSK","Verisk Analytics Inc","Industrials","Equity","","0.11","","","","","","","","","","","","","","","","","","","",""
"INSM","Insmed Inc","Health Care","Equity","","0.11","","","","","","","","","","","","","","","","","","","",""
"CHTR","Charter Communications Inc","Communication","Equity","","0.09","","","","","","","","","","","","","","","","","","","",""
"","Cash","Cash and/or Derivatives","Cash","","0.00","","","","","","","","","","","","","","","","","","","",""
"","Securities Lending","Cash and/or Derivatives","Cash","","0.00","","","","","","","","","","","","","","","","","","","",""
"","Cash Collateral","Cash and/or Derivatives","Cash","","-0.01","","","","","","","","","","","","","","","","","","","",""
"","CME E-Mini NASDAQ 100 Index Future (Synthetic Cash)","Cash and/or Derivatives","Cash","","-0.15","","","","","","","","","","","","","","","","","","","",""
